answer_copilot,answer_base,answer_fine_tuned
0.23688998836972647,0.7560739675007953,0.7206976084510197
