answer_copilot,answer_base,answer_fine_tuned
0.0028199999999999996,0.0028199999999999996,0.0028199999999999996
