answer_copilot,answer_base,answer_fine_tuned
0.7557880552232971,0.7524742149801775,0.7944824542229025
