answer_copilot,answer_base,answer_fine_tuned
0.6766753110227781,0.7626791404126472,0.7459515511327833
