answer_copilot,answer_base,answer_fine_tuned
0.0032400000000000003,0.0032400000000000003,0.0032400000000000003
