answer_copilot,answer_base,answer_fine_tuned
0.312829945409069,0.7595400146945811,0.7283288292153272
