answer_base,answer_fine_tuned
0.7502866715017128,0.8241834852579343
