answer_copilot,answer_base,answer_fine_tuned
0.23688507174747803,0.7502906045227701,0.8241794131012368
